{
  "version": 1,
  "author": "nikitha manigandan",
  "editor": "wokwi",
  "parts": [
    { "type": "wokwi-arduino-uno", "id": "uno", "top": 0, "left": 0, "attrs": {} },
    {
      "type": "wokwi-hc-sr04",
      "id": "ultrasonic1",
      "top": -135.03,
      "left": -150.23,
      "attrs": { "distance": "2" }
    }
  ],
  "connections": [
    [ "ultrasonic1:VCC", "uno:5V", "red", [ "v0" ] ],
    [ "ultrasonic1:GND", "uno:GND.2", "black", [ "v0" ] ],
    [ "ultrasonic1:TRIG", "uno:2", "green", [ "v0" ] ],
    [ "ultrasonic1:ECHO", "uno:3", "green", [ "v0" ] ]
  ],
  "dependencies": {}
}